{"offline_id": "051f34c4fe8848088c00fd00cc53d760", "project_name": "yolov5", "start_time": 1732167100986, "stop_time": 1732167105659, "tags": [], "workspace": null, "resume_strategy": "create", "customer_error_reported": true, "customer_error_message": "Unexpected error detected in the user script: UnicodeDecodeError('cp949', b\"train: data/train/images\\nval: data/valid/images\\ntest: data/test/images\\n\\nnc: 2\\nnames: ['\\xea\\xb2\\xbd\\xeb\\xaf\\xb8\\xed\\x95\\x9c', '\\xec\\x8b\\xac\\xea\\xb0\\x81\\xed\\x95\\x9c']\\n\\nroboflow:\\n  workspace: nad-xvnbl\\n  project: images-c2oq6\\n  version: 2\\n  license: Private\\n  url: https://universe.roboflow.com/nad-xvnbl/images-c2oq6/dataset/2\", 91, 92, 'illegal multibyte sequence')", "user_provided_experiment_key": false, "comet_start_sourced": false}